<?xml version="1.0" encoding="UTF-8"?>
<project-private xmlns="http://www.netbeans.org/ns/project-private/1">
    <editor-bookmarks xmlns="http://www.netbeans.org/ns/editor-bookmarks/2" lastBookmarkId="0"/>
    <open-files xmlns="http://www.netbeans.org/ns/projectui-open-files/2">
        <group>
            <file>file:/C:/Users/ptang4865/Downloads/PTRSClub/PTRSClub/PTRSClub/web/PTRSECart.jsp</file>
            <file>file:/C:/Users/ptang4865/Downloads/PTRSClub/PTRSClub/PTRSClub/web/PTRSELoan.jsp</file>
            <file>file:/C:/Users/ptang4865/Downloads/PTRSClub/PTRSClub/PTRSClub/src/java/club/cart/PTRSLoanServlet.java</file>
            <file>file:/C:/Users/ptang4865/Downloads/PTRSClub/PTRSClub/PTRSClub/src/java/club/cart/PTRSClearCartServlet.java</file>
            <file>file:/C:/Users/ptang4865/Downloads/PTRSClub/PTRSClub/PTRSClub/src/java/club/cart/PTRSCartServlet.java</file>
        </group>
    </open-files>
</project-private>
